week,speaker,date,listeners,pol_label,pol_score,sen_label,sen_score
1,U0RFXPUFK,12/4/2016,,impolite,0.42134085,pos,0.775464358
1,U0RFXPUFK,12/4/2016,,polite,0.8734549,pos,0.642594926
1,U0RMHEX53,12/4/2016,,polite,0.7840215,pos,0.817105912
4,U0RMHEX53,7/5/2016,,polite,0.5724937,pos,0.497945318
4,U0RMHEX53,7/5/2016,,polite,0.73831946,pos,0.497945318
5,U0RFXPUFK,12/5/2016,,polite,0.84565187,pos,0.862747247
5,U0RMHEX53,12/5/2016,,polite,0.6481123,neu,0.455646266
5,U0RFXPUFK,12/5/2016,,impolite,0.077098265,pos,0.65355323
5,U0RMHEX53,12/5/2016,,polite,0.74245656,pos,0.726261575
7,U0RMHEX53,25/5/2016,,impolite,0.26690355,pos,0.566489507
7,U0RMHEX53,26/5/2016,,polite,0.84026045,pos,0.929373733
7,U0RMHEX53,26/5/2016,,polite,0.7971995,neu,0.455646266
7,U0RMHEX53,26/5/2016,,polite,0.763982,pos,0.629992877
10,U0RMHEX53,15/6/2016,,polite,0.6840756,pos,0.726261575
10,U0RMHEX53,15/6/2016,,polite,0.5323221,neg,0.305955838
10,U0RMHEX53,15/6/2016,,polite,0.92849594,pos,0.579639472
10,U0RMHEX53,15/6/2016,,polite,0.9340021,neu,0.455646266
10,U0RMHEX53,15/6/2016,,polite,0.7360027,neu,0.455646266
10,U0RFXPUFK,16/6/2016,,polite,0.61871773,pos,0.804613446
10,U0RFXPUFK,16/6/2016,,polite,0.79468507,pos,0.707029752
10,U0RFXPUFK,16/6/2016,,polite,0.92251664,pos,0.497945318
10,U0RMHEX53,18/6/2016,,polite,0.6209356,neu,0.455646266
11,U0RMHEX53,22/6/2016,,polite,0.82041025,pos,0.65355323
11,U0RMHEX53,22/6/2016,,polite,0.871389,pos,0.834146074
11,U0RMHEX53,22/6/2016,,polite,0.82041,pos,0.65355323
11,U0RMHEX53,22/6/2016,,polite,0.79992294,pos,0.605336694
11,U0RMHEX53,22/6/2016,,polite,0.80913216,pos,0.726261575
11,U0RFXPUFK,27/6/2016,,impolite,0.16393867,pos,0.65355323
12,U0RMHEX53,29/6/2016,,polite,0.93921185,pos,0.696948112
12,U0RMHEX53,29/6/2016,,polite,0.78833604,pos,0.952167005
12,U0RMHEX53,29/6/2016,,polite,0.68796325,pos,0.804175114
12,U0RMHEX53,29/6/2016,,polite,0.8337227,pos,0.579639472
13,U0RFXPUFK,5/7/2016,,polite,0.5857244,neu,0.455646266
13,U0RFXPUFK,5/7/2016,,impolite,0.055232797,pos,0.716837434
15,U0RMHEX53,20/7/2016,,polite,0.86151344,pos,0.675853378
15,U0RMHEX53,20/7/2016,,polite,0.6009448,neu,0.455646266
15,U0RMHEX53,23/7/2016,,polite,0.95884764,neu,0.455646266
16,U0RMHEX53,29/7/2016,,polite,0.5305579,pos,0.911621281
16,U0RMHEX53,29/7/2016,,polite,0.8378165,pos,0.65355323
16,U0RMHEX53,30/7/2016,,polite,0.61024535,neu,0.455646266
16,U0RMHEX53,30/7/2016,,polite,0.80663127,pos,0.60446003
17,U0RMHEX53,4/8/2016,,impolite,0.43878913,neu,0.455646266
17,U0RMHEX53,4/8/2016,,polite,0.6022816,pos,0.605336694
17,U0RMHEX53,8/8/2016,,polite,0.8234543,pos,0.870911183
17,U0RMHEX53,8/8/2016,,polite,0.83648217,pos,0.926360199
17,U0RMHEX53,8/8/2016,,polite,0.6522418,pos,0.858418717
17,U0RMHEX53,8/8/2016,,polite,0.61357695,neu,0.455646266
18,U0RFXPUFK,15/8/2016,,polite,0.8483515,pos,0.65355323
18,U0RFXPUFK,15/8/2016,,impolite,0.0896809,pos,0.776067065
18,U0RFXPUFK,15/8/2016,,impolite,0.061646637,neu,0.455646266
18,U0RMHEX53,15/8/2016,,impolite,0.46442467,pos,0.713933483
18,U0RFXPUFK,15/8/2016,,polite,0.69057095,neu,0.455646266
18,U0RFXPUFK,15/8/2016,,impolite,0.1866381,neu,0.455646266
18,U0RMHEX53,15/8/2016,,polite,0.542503,pos,0.648895951
18,U0RMHEX53,15/8/2016,,polite,0.8225709,neu,0.455646266
19,U0RMHEX53,17/8/2016,,polite,0.52608466,neu,0.455646266
20,U0RMHEX53,24/8/2016,,polite,0.92146164,pos,0.928223111
20,U0RMHEX53,24/8/2016,,polite,0.870985,pos,0.696948112
21,U0RMHEX53,31/8/2016,,polite,0.90225196,pos,0.870911183
22,U0RMHEX53,7/9/2016,,polite,0.50965214,neu,0.455646266
23,U0RFXPUFK,19/9/2016,,polite,0.92340267,pos,0.65355323
24,U0RFXPUFK,20/9/2016,,impolite,0.25794503,neg,0.127225905
25,U0RFXPUFK,28/9/2016,,polite,0.79965866,neu,0.455646266
25,U0RMHEX53,28/9/2016,,polite,0.5085981,pos,0.768998959
25,U0RFXPUFK,28/9/2016,,polite,0.5506116,neu,0.455646266
25,U0RFXPUFK,28/9/2016,,impolite,0.110188164,neu,0.455646266
25,U0RMHEX53,29/9/2016,,impolite,0.09066486,neu,0.455646266
26,U0RMHEX53,7/10/2016,,polite,0.8622988,neu,0.455646266
26,U0RFXPUFK,8/10/2016,,impolite,0.40649584,neg,0.293463372
27,U0RFXPUFK,14/10/2016,,impolite,0.24597816,pos,0.675853378
27,U0RMHEX53,14/10/2016,,polite,0.68366206,pos,0.797490548
27,U0RMHEX53,15/10/2016,,impolite,0.48574123,neu,0.455646266
28,U0RFXPUFK,18/10/2016,,impolite,0.3419126,pos,0.804613446
28,U0RMHEX53,18/10/2016,,polite,0.8114393,pos,0.797490548
28,U0RFXPUFK,19/10/2016,,polite,0.8090781,pos,0.65355323
28,U0RMHEX53,19/10/2016,,polite,0.77847344,pos,0.768998959
28,U0RMHEX53,19/10/2016,,polite,0.8490587,pos,0.892663416
28,U0RFXPUFK,19/10/2016,,impolite,0.29567906,pos,0.61782916
28,U0RMHEX53,19/10/2016,,polite,0.6217649,neu,0.455646266
28,U0RMHEX53,19/10/2016,,polite,0.6887206,pos,0.61782916
28,U0RFXPUFK,19/10/2016,,polite,0.834791,pos,0.692838749
28,U0RMHEX53,19/10/2016,,polite,0.9020325,pos,0.696948112
28,U0RMHEX53,19/10/2016,,impolite,0.47583959,pos,0.798038464
28,U0RFXPUFK,19/10/2016,,polite,0.6672516,neu,0.434441948
28,U0RMHEX53,19/10/2016,,polite,0.5811512,neu,0.455646266
28,U0RMHEX53,19/10/2016,,polite,0.54671764,pos,0.768998959
28,U0RFXPUFK,19/10/2016,,polite,0.501513,neu,0.455646266
28,U0RFXPUFK,19/10/2016,,polite,0.8836828,pos,0.566489507
28,U0RFXPUFK,20/10/2016,,polite,0.53229356,pos,0.878472412
28,U0RMHEX53,23/10/2016,,polite,0.7183581,neu,0.455646266
31,U0RFXPUFK,9/11/2016,,polite,0.60924804,pos,0.892005917
31,U0RMHEX53,9/11/2016,,polite,0.5517665,neu,0.455646266
31,U0RMHEX53,9/11/2016,,impolite,0.37569883,pos,0.664840283
31,U0RMHEX53,9/11/2016,,polite,0.5839962,pos,0.664840283
33,U0RMHEX53,25/11/2016,,polite,0.909421,pos,0.811024053
33,U0RFXPUFK,25/11/2016,,polite,0.91357946,pos,0.820667361
36,U0RFXPUFK,16/12/2016,,polite,0.808719,pos,0.929866857
36,U0RMHEX53,16/12/2016,,impolite,0.3802006,pos,0.497945318
36,U0RMHEX53,16/12/2016,,polite,0.7526692,pos,0.65355323
36,U0RMHEX53,16/12/2016,,polite,0.5031233,neu,0.455646266
36,U0RFXPUFK,16/12/2016,,impolite,0.055134963,neu,0.455646266
39,U0RMHEX53,3/1/2017,,impolite,0.48760316,neg,0.175880774
40,U0RMHEX53,10/1/2017,,polite,0.628122,pos,0.809161142
41,U0RMHEX53,21/1/2017,,polite,0.80004,pos,0.888828009
42,U0RMHEX53,24/1/2017,,polite,0.84457964,pos,0.566489507
42,U0RMHEX53,24/1/2017,,impolite,0.35447732,neg,0.224700016
42,U0RFXPUFK,24/1/2017,,polite,0.62332803,neg,0.410388472
42,U0RMHEX53,24/1/2017,,polite,0.8986402,pos,0.7906964
42,U0RMHEX53,24/1/2017,,impolite,0.104599796,pos,0.731795518
42,U0RMHEX53,24/1/2017,,impolite,0.3947903,neu,0.455646266
42,U0RMHEX53,24/1/2017,,impolite,0.1360644,neu,0.455646266
42,U0RMHEX53,24/1/2017,,impolite,0.31982967,neu,0.455646266
42,U0RMHEX53,24/1/2017,,impolite,0.42021567,neu,0.455646266
42,U0RMHEX53,24/1/2017,,polite,0.90282965,pos,0.79754534
42,U0RMHEX53,24/1/2017,,impolite,0.42787808,pos,0.830749
42,U0RFXPUFK,25/1/2017,,polite,0.8851501,pos,0.948660347
43,U0RMHEX53,31/1/2017,,polite,0.70533645,neu,0.455646266
46,U0RMHEX53,24/2/2017,,impolite,0.056872495,neg,0.194455098
47,U0RMHEX53,2/3/2017,,polite,0.7617942,pos,0.907731083
48,U0RMHEX53,7/3/2017,,polite,0.7522085,pos,0.804613446
48,U0RFXPUFK,10/3/2017,['U0RMHEX53'],impolite,0.21229768,neu,0.455646266
52,U0RMHEX53,6/4/2017,,impolite,0.42499313,pos,0.707029752
52,U0RMHEX53,6/4/2017,,impolite,0.21005511,pos,0.844063339
58,U0RMHEX53,20/5/2017,,impolite,0.22072858,pos,0.701221851
59,U0RMHEX53,27/5/2017,,polite,0.82459515,pos,0.675853378
59,U0RMHEX53,29/5/2017,,polite,0.519553,pos,0.828666922
59,U0RMHEX53,29/5/2017,,polite,0.8258089,pos,0.605336694
59,U0RMHEX53,29/5/2017,,polite,0.6934632,neu,0.455646266
59,U0RMHEX53,29/5/2017,,polite,0.8438295,pos,0.804613446
59,U0RMHEX53,29/5/2017,,polite,0.77292395,neu,0.455646266
59,U0RFXPUFK,29/5/2017,['U0RMHEX53'],polite,0.78377944,neu,0.455646266
59,U0RFXPUFK,29/5/2017,['U0RMHEX53'],polite,0.5557723,neu,0.455646266
59,U0RMHEX53,29/5/2017,,impolite,0.31293836,pos,0.675853378
59,U0RMHEX53,29/5/2017,,impolite,0.25374267,neu,0.455646266
59,U0RMHEX53,29/5/2017,,polite,0.8765904,pos,0.686592515
60,U0RMHEX53,30/5/2017,,polite,0.7128281,neu,0.455646266
60,U0RMHEX53,30/5/2017,,polite,0.7389986,pos,0.706372254
60,U0RFXPUFK,30/5/2017,,impolite,0.20765406,pos,0.65355323
60,U0RMHEX53,3/6/2017,,polite,0.5259178,pos,0.947619309
84,U0RMHEX53,17/11/2017,,polite,0.7910045,pos,0.75278067
86,U0RFXPUFK,28/11/2017,['U0RMHEX53'],polite,0.87153906,pos,0.804120322
329,U0RMHEX53,1/8/2022,,polite,0.8427377,pos,0.817105912
329,U0RFXPUFK,1/8/2022,['U0RMHEX53'],polite,0.76090956,neu,0.455646266
329,U03SESRETRN,1/8/2022,,polite,0.5568698,pos,0.82209194
329,U0RFXPUFK,1/8/2022,,impolite,0.23374419,neu,0.455646266
330,U03SESRETRN,2/8/2022,,impolite,0.41503012,neu,0.455646266
330,U03SESRETRN,2/8/2022,,polite,0.5437521,neu,0.455646266
330,U03SESRETRN,3/8/2022,['U0RFXPUFK'],polite,0.5807866,pos,0.726261575
330,U03SESRETRN,3/8/2022,['U03S3QBFKED'],polite,0.8397051,pos,0.874801381
330,U0RFXPUFK,3/8/2022,,polite,0.80650634,pos,0.801764287
330,U03SESRETRN,3/8/2022,['U03S3QBFKED'],polite,0.93004453,pos,0.571311161
330,U0RFXPUFK,3/8/2022,['U03S3QBFKED'],polite,0.58991003,neu,0.455646266
330,U0RFXPUFK,3/8/2022,['U03S3QBFKED'],polite,0.859876,neu,0.455646266
330,U03SESRETRN,3/8/2022,['U03S3QBFKED'],polite,0.7671574,pos,0.828666922
330,U03SESRETRN,3/8/2022,['U0RFXPUFK'],polite,0.7066401,neg,0.399375377
330,U0RFXPUFK,3/8/2022,['U03S3QBFKED'],polite,0.80411005,pos,0.853925812
330,U0RFXPUFK,3/8/2022,,polite,0.89373755,pos,0.768998959
330,U0RFXPUFK,3/8/2022,,impolite,0.22389035,neu,0.455646266
330,U03S3QBFKED,3/8/2022,['U0RFXPUFK'],polite,0.76695514,neu,0.455646266
330,U03S3QBFKED,3/8/2022,['U0RFXPUFK'],polite,0.9330536,neg,0.31866747
330,U0RFXPUFK,3/8/2022,,polite,0.84595233,pos,0.675853378
330,U0RFXPUFK,3/8/2022,['U03S3QBFKED'],polite,0.89725786,pos,0.670374226
330,U03S3QBFKED,3/8/2022,,impolite,0.24528694,neu,0.455646266
330,U03S3QBFKED,3/8/2022,['U0RFXPUFK'],polite,0.8461113,pos,0.943838694
330,U03S3QBFKED,3/8/2022,['U0RFXPUFK'],polite,0.91217566,pos,0.825872555
330,U0RFXPUFK,3/8/2022,"['U03RTJ7MJ68', 'U0RMHEX53']",polite,0.57507026,pos,0.76724563
330,U0RFXPUFK,3/8/2022,['U03S3QBFKED'],polite,0.8029499,pos,0.744616733
330,U0RFXPUFK,3/8/2022,,impolite,0.44053954,neu,0.455646266
330,U03SESRETRN,3/8/2022,,polite,0.68695694,pos,0.725549285
330,U0RFXPUFK,3/8/2022,['U03SESRETRN'],polite,0.6244708,pos,0.797490548
330,U03SESRETRN,3/8/2022,,polite,0.60283774,pos,0.798038464
330,U03S3QBFKED,3/8/2022,"['U03SESRETRN', 'U0RFXPUFK']",impolite,0.32314023,neu,0.455646266
330,U03SESRETRN,3/8/2022,['U03RTJ7MJ68'],polite,0.79307574,pos,0.822530272
330,U03SESRETRN,3/8/2022,['U0RFXPUFK'],impolite,0.1273421,neu,0.455646266
330,U03SESRETRN,3/8/2022,"['U03RTJ7MJ68', 'U03S3QBFKED', 'U0RFXPUFK']",impolite,0.3116164,pos,0.65355323
330,U0RFXPUFK,3/8/2022,,polite,0.8572128,pos,0.888828009
330,U03S3QBFKED,3/8/2022,['U0RFXPUFK'],polite,0.8200944,pos,0.53953208
330,U0RFXPUFK,3/8/2022,,polite,0.9112505,pos,0.725549285
330,U0RFXPUFK,3/8/2022,['U03S3QBFKED'],impolite,0.37177896,pos,0.900662977
330,U0RFXPUFK,3/8/2022,,polite,0.86293805,neu,0.455646266
330,U0RFXPUFK,3/8/2022,['U03S3QBFKED'],polite,0.69047225,neu,0.455646266
330,U0RFXPUFK,3/8/2022,['U03S3QBFKED'],polite,0.8647664,pos,0.941099118
330,U0RFXPUFK,3/8/2022,,polite,0.8716641,pos,0.870911183
330,U03S3QBFKED,3/8/2022,"['U03RTJ7MJ68', 'U03SESRETRN']",polite,0.6156314,pos,0.592625062
330,U03S3QBFKED,3/8/2022,['U0RFXPUFK'],impolite,0.1212564,neu,0.455646266
330,U0RFXPUFK,3/8/2022,,polite,0.92865384,pos,0.933428305
330,U0RFXPUFK,3/8/2022,['U03S3QBFKED'],polite,0.83612275,pos,0.623089146
330,U0RFXPUFK,3/8/2022,,impolite,0.45491314,neu,0.455646266
330,U03S3QBFKED,3/8/2022,['U0RFXPUFK'],polite,0.77234393,pos,0.48501452
330,U03S3QBFKED,3/8/2022,['U0RFXPUFK'],polite,0.6065045,pos,0.61782916
330,U0RFXPUFK,3/8/2022,,polite,0.7719661,pos,0.866911402
330,U03S3QBFKED,3/8/2022,['U0RFXPUFK'],polite,0.90307504,neu,0.455646266
330,U0RFXPUFK,3/8/2022,,impolite,0.3612158,neg,0.276916333
330,U03S3QBFKED,3/8/2022,['U0RFXPUFK'],polite,0.95168483,neu,0.455646266
330,U03S3QBFKED,3/8/2022,['U0RFXPUFK'],polite,0.9320079,pos,0.707029752
330,U03S3QBFKED,3/8/2022,['U0RFXPUFK'],polite,0.76894087,pos,0.768998959
330,U0RMHEX53,4/8/2022,['U03RTJ7MJ68'],polite,0.7282969,pos,0.892005917
330,U0RMHEX53,4/8/2022,['U03S3QBFKED'],impolite,0.45884266,pos,0.663963618
330,U03RTJ7MJ68,4/8/2022,,polite,0.78341395,pos,0.716837434
330,U03RTJ7MJ68,4/8/2022,,impolite,0.43395022,pos,0.768998959
330,U03SESRETRN,4/8/2022,['U03S3QBFKED'],polite,0.5513097,neu,0.455646266
330,U0RMHEX53,4/8/2022,['U03S3QBFKED'],impolite,0.111014225,neu,0.455646266
330,U03SESRETRN,4/8/2022,"['U03S3QBFKED', 'U0RMHEX53', 'U0RFXPUFK']",polite,0.8175766,pos,0.804120322
330,U03RTJ7MJ68,4/8/2022,['U0RFXPUFK'],polite,0.80799896,neg,0.345898855
330,U0RFXPUFK,4/8/2022,['U03S3QBFKED'],polite,0.87230206,pos,0.726261575
330,U03S3QBFKED,5/8/2022,,polite,0.79539555,neu,0.455646266
330,U03S3QBFKED,5/8/2022,['U0RFXPUFK'],polite,0.7780989,neu,0.455646266
330,U03SESRETRN,5/8/2022,['U03RTJ7MJ68'],polite,0.5658428,neu,0.455646266
330,U03SESRETRN,5/8/2022,['U03RTJ7MJ68'],impolite,0.11732511,pos,0.707029752
330,U03S3QBFKED,5/8/2022,"['U03RTJ7MJ68', 'U0RFXPUFK']",polite,0.90657485,pos,0.61782916
330,U03S3QBFKED,5/8/2022,,polite,0.90941364,neu,0.455646266
330,U0RFXPUFK,5/8/2022,['U03S3QBFKED'],polite,0.8565583,pos,0.776669772
330,U03S3QBFKED,5/8/2022,,impolite,0.11122617,neu,0.455646266
330,U03RTJ7MJ68,7/8/2022,,polite,0.7486701,pos,0.707029752
330,U03S3QBFKED,7/8/2022,,impolite,0.47098377,neu,0.455646266
330,U03SESRETRN,7/8/2022,"['U03RTJ7MJ68', 'U03S3QBFKED', 'U0RFXPUFK']",polite,0.66641563,neu,0.455646266
330,U03SESRETRN,7/8/2022,['U0RMHEX53'],polite,0.77633715,pos,0.967234672
330,U0RMHEX53,7/8/2022,,impolite,0.47953677,pos,0.594761931
330,U03SESRETRN,7/8/2022,,impolite,0.47526896,neu,0.455646266
330,U0RFXPUFK,8/8/2022,['U03RTJ7MJ68'],polite,0.8221928,neu,0.455646266
330,U03RTJ7MJ68,8/8/2022,"['U03S3QBFKED', 'U03SESRETRN']",polite,0.92546374,neu,0.455646266
330,U03SESRETRN,8/8/2022,['U03RTJ7MJ68'],polite,0.90083987,neu,0.455646266
330,U0RFXPUFK,8/8/2022,"['U03RTJ7MJ68', 'U03S3QBFKED', 'U03SESRETRN']",polite,0.844639,pos,0.838858145
330,U03S3QBFKED,8/8/2022,"['U03RTJ7MJ68', 'U0RFXPUFK']",impolite,0.25043654,neu,0.455646266
330,U0RFXPUFK,8/8/2022,['U03RTJ7MJ68'],polite,0.77637357,pos,0.61782916
330,U03S3QBFKED,8/8/2022,,impolite,0.11931927,neg,0.190071777
330,U0RFXPUFK,8/8/2022,['U03S3QBFKED'],impolite,0.40947956,pos,0.565393677
331,U03SESRETRN,9/8/2022,['U03RTJ7MJ68'],polite,0.85975474,neg,0.197961756
331,U03RTJ7MJ68,9/8/2022,,polite,0.58984876,pos,0.605336694
331,U03RTJ7MJ68,10/8/2022,,impolite,0.24529411,neg,0.10717221
331,U03S3QBFKED,10/8/2022,['U03RTJ7MJ68'],impolite,0.38293433,pos,0.725549285
331,U03S3QBFKED,10/8/2022,"['U0RMHEX53', 'U0RFXPUFK']",polite,0.812803,neu,0.455646266
331,U03RTJ7MJ68,10/8/2022,,polite,0.8088048,pos,0.866253904
331,U0RFXPUFK,10/8/2022,,polite,0.8923913,pos,0.768451044
331,U03SESRETRN,10/8/2022,['U0RFXPUFK'],polite,0.7826299,pos,0.768998959
331,U03SESRETRN,10/8/2022,['U0RFXPUFK'],polite,0.6603745,pos,0.75278067
331,U0RFXPUFK,10/8/2022,,polite,0.79132354,pos,0.774752068
331,U03S3QBFKED,10/8/2022,"['U03RTJ7MJ68', 'U03SESRETRN']",impolite,0.35076034,neu,0.455646266
331,U03S3QBFKED,10/8/2022,['U0RFXPUFK'],polite,0.9330861,pos,0.768998959
331,U0RFXPUFK,10/8/2022,,polite,0.8649936,neu,0.455646266
331,U03S3QBFKED,10/8/2022,,impolite,0.10075464,neg,0.224700016
331,U03S3QBFKED,10/8/2022,,polite,0.5812943,pos,0.776669772
331,U03S3QBFKED,10/8/2022,,impolite,0.42954496,neu,0.455646266
331,U03S3QBFKED,10/8/2022,,impolite,0.08465403,neu,0.455646266
331,U03S3QBFKED,10/8/2022,,polite,0.8525619,neu,0.455646266
331,U03S3QBFKED,10/8/2022,,polite,0.81376666,neu,0.455646266
331,U03SESRETRN,10/8/2022,,impolite,0.30511525,pos,0.669497562
331,U03SESRETRN,10/8/2022,,impolite,0.36879858,pos,0.685825434
331,U0RFXPUFK,10/8/2022,['U03S3QBFKED'],polite,0.8803488,pos,0.743630486
331,U0RFXPUFK,10/8/2022,,polite,0.9191434,pos,0.898032984
331,U03SESRETRN,10/8/2022,['U0RFXPUFK'],polite,0.82971996,pos,0.92564791
331,U0RFXPUFK,10/8/2022,,polite,0.78120565,pos,0.696948112
331,U03S3QBFKED,10/8/2022,,polite,0.8769854,pos,0.629992877
331,U03S3QBFKED,10/8/2022,['U0RFXPUFK'],impolite,0.42775068,neu,0.455646266
331,U0RFXPUFK,10/8/2022,['U03S3QBFKED'],polite,0.9054377,pos,0.825872555
331,U03S3QBFKED,10/8/2022,['U0RFXPUFK'],impolite,0.20686407,neg,0.281299655
331,U0RFXPUFK,10/8/2022,,polite,0.8706028,pos,0.65355323
331,U0RFXPUFK,10/8/2022,,polite,0.62054694,pos,0.65355323
331,U03S3QBFKED,10/8/2022,['U0RFXPUFK'],impolite,0.4437729,pos,0.804613446
331,U03S3QBFKED,10/8/2022,['U0RFXPUFK'],impolite,0.24118674,neg,0.194455098
331,U03S3QBFKED,10/8/2022,['U0RFXPUFK'],polite,0.8238836,neu,0.455646266
331,U0RFXPUFK,10/8/2022,['U03S3QBFKED'],polite,0.7501642,pos,0.837214399
331,U03S3QBFKED,10/8/2022,,impolite,0.2763444,neu,0.455646266
331,U03S3QBFKED,10/8/2022,['U0RFXPUFK'],polite,0.8196318,pos,0.592625062
331,U03S3QBFKED,11/8/2022,"['U03SESRETRN', 'U0RFXPUFK', 'U03RTJ7MJ68', 'U0RMHEX53']",impolite,0.05117974,neu,0.455646266
331,U03S3QBFKED,11/8/2022,,polite,0.51971775,neu,0.455646266
331,U03S3QBFKED,11/8/2022,['U0RFXPUFK'],polite,0.86988455,neu,0.455646266
331,U03SESRETRN,11/8/2022,['U03S3QBFKED'],impolite,0.4833475,neu,0.455646266
331,U0RFXPUFK,11/8/2022,['U03S3QBFKED'],polite,0.9448779,pos,0.776669772
331,U03S3QBFKED,11/8/2022,,polite,0.85314006,pos,0.629992877
331,U0RMHEX53,11/8/2022,['U03S3QBFKED'],polite,0.7337046,pos,0.605336694
331,U0RFXPUFK,11/8/2022,['U03S3QBFKED'],polite,0.71122855,pos,0.791189524
331,U03S3QBFKED,11/8/2022,,polite,0.8596409,pos,0.61782916
331,U03S3QBFKED,11/8/2022,,polite,0.80218554,pos,0.77913539
331,U03RTJ7MJ68,11/8/2022,['U03S3QBFKED'],polite,0.8096774,pos,0.885485727
331,U03S3QBFKED,11/8/2022,,impolite,0.2763341,neu,0.455646266
331,U03S3QBFKED,11/8/2022,,impolite,0.36409593,neu,0.455646266
331,U03S3QBFKED,11/8/2022,,polite,0.93972087,pos,0.686592515
331,U0RFXPUFK,11/8/2022,['U03S3QBFKED'],polite,0.8195156,pos,0.65355323
331,U0RFXPUFK,11/8/2022,['U03S3QBFKED'],impolite,0.29336113,neu,0.455646266
331,U03S3QBFKED,11/8/2022,,polite,0.7598073,pos,0.756287327
331,U03S3QBFKED,11/8/2022,,polite,0.5088872,neg,0.224700016
331,U0RFXPUFK,11/8/2022,['U03S3QBFKED'],polite,0.782353,pos,0.716837434
331,U0RFXPUFK,11/8/2022,['U03S3QBFKED'],polite,0.741153,pos,0.675853378
331,U0RMHEX53,11/8/2022,['U03S3QBFKED'],polite,0.585957,neu,0.455646266
331,U03S3QBFKED,11/8/2022,,polite,0.6796108,neu,0.44857816
331,U03RTJ7MJ68,11/8/2022,['U03S3QBFKED'],polite,0.5817627,pos,0.853925812
331,U0RFXPUFK,11/8/2022,['U03S3QBFKED'],polite,0.8399016,pos,0.858418717
331,U0RMHEX53,11/8/2022,['U03S3QBFKED'],polite,0.83194435,pos,0.726261575
331,U0RFXPUFK,11/8/2022,['U03S3QBFKED'],polite,0.7969941,pos,0.949208263
331,U03S3QBFKED,11/8/2022,['U0RFXPUFK'],polite,0.93759644,pos,0.65355323
331,U03S3QBFKED,11/8/2022,,polite,0.87418425,pos,0.65355323
331,U03S3QBFKED,11/8/2022,,polite,0.8460198,neu,0.455646266
331,U03S3QBFKED,11/8/2022,['U0RFXPUFK'],polite,0.6694589,pos,0.692838749
331,U0RFXPUFK,11/8/2022,['U03S3QBFKED'],polite,0.88309216,pos,0.780395595
331,U03S3QBFKED,11/8/2022,,polite,0.9190347,neu,0.455646266
331,U0RMHEX53,11/8/2022,['U03S3QBFKED'],impolite,0.47096828,neu,0.455646266
331,U03S3QBFKED,11/8/2022,['U03RTJ7MJ68'],impolite,0.38955462,pos,0.941099118
331,U0RFXPUFK,11/8/2022,['U03S3QBFKED'],polite,0.81500036,pos,0.74450715
331,U0RFXPUFK,11/8/2022,['U03S3QBFKED'],polite,0.8592646,pos,0.579639472
331,U0RFXPUFK,11/8/2022,['U03S3QBFKED'],polite,0.5186901,neu,0.455646266
331,U0RFXPUFK,11/8/2022,,polite,0.80433935,neg,0.344803024
331,U0RMHEX53,11/8/2022,['U0RFXPUFK'],impolite,0.042966485,neu,0.455646266
331,U03RTJ7MJ68,11/8/2022,['U0RFXPUFK'],polite,0.75194526,pos,0.780395595
331,U0RMHEX53,11/8/2022,"['U03RTJ7MJ68', 'U03S3QBFKED']",polite,0.8440506,pos,0.61782916
331,U0RFXPUFK,11/8/2022,,polite,0.8702997,neu,0.455646266
331,U03S3QBFKED,11/8/2022,"['U03RTJ7MJ68', 'U0RMHEX53']",polite,0.7793477,neu,0.455646266
331,U03RTJ7MJ68,12/8/2022,['U03S3QBFKED'],impolite,0.10097342,neg,0.145307106
331,U03S3QBFKED,12/8/2022,"['U03RTJ7MJ68', 'U03SESRETRN']",impolite,0.09844386,neu,0.455646266
331,U03S3QBFKED,12/8/2022,,polite,0.64191854,neu,0.455646266
331,U03RTJ7MJ68,12/8/2022,['U03S3QBFKED'],polite,0.87264556,pos,0.693222289
331,U0RFXPUFK,12/8/2022,,polite,0.7535346,pos,0.657279053
331,U0RFXPUFK,12/8/2022,,polite,0.8523498,pos,0.824886308
331,U0RFXPUFK,12/8/2022,['U03S3QBFKED'],impolite,0.36946434,neu,0.455646266
331,U0RMHEX53,12/8/2022,['U03S3QBFKED'],polite,0.7556551,pos,0.763684182
331,U03RTJ7MJ68,12/8/2022,['U03S3QBFKED'],polite,0.52969307,pos,0.882910525
331,U0RFXPUFK,14/8/2022,,polite,0.8901685,pos,0.983946085
331,U0RFXPUFK,14/8/2022,"['U03RTJ7MJ68', 'U03S3QBFKED', 'U03SESRETRN']",polite,0.8624498,pos,0.629992877
331,U03S3QBFKED,15/8/2022,"['U03RTJ7MJ68', 'U0RMHEX53', 'U0RFXPUFK']",impolite,0.44385552,neu,0.455646266
331,U03SESRETRN,15/8/2022,['U03S3QBFKED'],polite,0.5835762,pos,0.65355323
331,U03RTJ7MJ68,15/8/2022,['U0RFXPUFK'],impolite,0.22310847,neu,0.455646266
331,U0RFXPUFK,15/8/2022,['U03S3QBFKED'],polite,0.5290298,neu,0.455646266
331,U0RFXPUFK,15/8/2022,['U03S3QBFKED'],polite,0.8867354,pos,0.956111994
331,U03S3QBFKED,15/8/2022,['U0RFXPUFK'],polite,0.8057041,pos,0.65355323
331,U03S3QBFKED,15/8/2022,,impolite,0.28023076,neu,0.455646266
331,U03S3QBFKED,15/8/2022,['U03RTJ7MJ68'],impolite,0.44503456,neu,0.455646266
331,U03S3QBFKED,15/8/2022,,impolite,0.22669438,neu,0.455646266
331,U03S3QBFKED,15/8/2022,,polite,0.6510821,pos,0.65355323
331,U03S3QBFKED,15/8/2022,,impolite,0.039356746,pos,0.685825434
331,U03SESRETRN,15/8/2022,['U03S3QBFKED'],impolite,0.48273864,neu,0.455646266
331,U03SESRETRN,15/8/2022,['U03S3QBFKED'],impolite,0.42896777,pos,0.896553614
331,U03S3QBFKED,15/8/2022,,impolite,0.17720628,pos,0.65355323
331,U03SESRETRN,15/8/2022,['U03S3QBFKED'],impolite,0.39317128,neu,0.455646266
331,U03SESRETRN,15/8/2022,['U03S3QBFKED'],polite,0.58693516,pos,0.790641609
331,U03S3QBFKED,15/8/2022,,impolite,0.4747636,neu,0.455646266
331,U03RTJ7MJ68,15/8/2022,['U03S3QBFKED'],impolite,0.11612897,pos,0.61782916
331,U03SESRETRN,15/8/2022,['U03S3QBFKED'],polite,0.8159284,pos,0.629992877
331,U03SESRETRN,15/8/2022,['U03S3QBFKED'],polite,0.8465423,neu,0.455646266
331,U03S3QBFKED,15/8/2022,"['U03RTJ7MJ68', 'U03SESRETRN']",impolite,0.09641705,neu,0.455646266
331,U03RTJ7MJ68,15/8/2022,['U03S3QBFKED'],impolite,0.48829928,pos,0.804613446
331,U03SESRETRN,15/8/2022,['U03S3QBFKED'],impolite,0.30173504,pos,0.65355323
331,U03S3QBFKED,15/8/2022,,impolite,0.36452505,pos,0.65355323
331,U0RMHEX53,15/8/2022,['U03S3QBFKED'],polite,0.58589935,pos,0.605336694
331,U03SESRETRN,15/8/2022,['U03S3QBFKED'],polite,0.9572338,neu,0.455646266
331,U03S3QBFKED,15/8/2022,,polite,0.7984175,neu,0.455646266
331,U0RFXPUFK,15/8/2022,['U03S3QBFKED'],polite,0.6738257,neg,0.09780286
331,U03S3QBFKED,15/8/2022,,polite,0.8010947,pos,0.707029752
331,U0RFXPUFK,15/8/2022,['U03S3QBFKED'],impolite,0.41782144,pos,0.688510219
331,U0RFXPUFK,15/8/2022,['U03S3QBFKED'],polite,0.539627,pos,0.641937428
331,U03S3QBFKED,15/8/2022,,polite,0.9164257,pos,0.836337735
331,U03S3QBFKED,15/8/2022,,impolite,0.14609012,neu,0.455646266
331,U03S3QBFKED,15/8/2022,,polite,0.8885912,neu,0.455646266
331,U03S3QBFKED,15/8/2022,['U0RFXPUFK'],impolite,0.35664862,pos,0.592625062
331,U0RFXPUFK,15/8/2022,,polite,0.85545415,pos,0.82642047
331,U03SESRETRN,15/8/2022,['U0RFXPUFK'],polite,0.53375113,neu,0.455646266
331,U03S3QBFKED,15/8/2022,['U0RFXPUFK'],polite,0.64671135,pos,0.870911183
331,U0RFXPUFK,15/8/2022,['U03SESRETRN'],polite,0.9026685,pos,0.910361076
331,U0RFXPUFK,15/8/2022,,polite,0.81179166,pos,0.689222508
331,U03S3QBFKED,15/8/2022,['U0RFXPUFK'],impolite,0.37271348,neu,0.455646266
331,U03SESRETRN,15/8/2022,['U03S3QBFKED'],polite,0.7938504,pos,0.65355323
331,U0RFXPUFK,15/8/2022,['U03S3QBFKED'],impolite,0.062538534,neu,0.455646266
331,U03S3QBFKED,15/8/2022,"['U03RTJ7MJ68', 'U03SESRETRN']",polite,0.89128476,pos,0.900882143
331,U03S3QBFKED,15/8/2022,,impolite,0.05806701,neu,0.455646266
331,U03S3QBFKED,15/8/2022,['U0RFXPUFK'],polite,0.6683158,pos,0.888828009
331,U03S3QBFKED,15/8/2022,"['U0RMHEX53', 'U0RFXPUFK']",impolite,0.23121695,pos,0.592625062
331,U0RFXPUFK,15/8/2022,['U03S3QBFKED'],polite,0.77724004,neu,0.455646266
331,U03S3QBFKED,15/8/2022,,polite,0.90449035,neu,0.455646266
331,U0RFXPUFK,15/8/2022,['U03S3QBFKED'],polite,0.6921147,neu,0.455646266
331,U0RFXPUFK,15/8/2022,['U03S3QBFKED'],polite,0.881257,pos,0.664840283
331,U03S3QBFKED,15/8/2022,['U0RFXPUFK'],polite,0.86629504,pos,0.768998959
331,U03S3QBFKED,15/8/2022,['U0RFXPUFK'],impolite,0.2595385,neu,0.455646266
331,U03S3QBFKED,15/8/2022,,polite,0.909045,pos,0.65355323
331,U03S3QBFKED,15/8/2022,"['U0RMHEX53', 'U0RFXPUFK']",polite,0.81169814,neu,0.455646266
331,U03S3QBFKED,15/8/2022,"['U0RMHEX53', 'U0RFXPUFK']",polite,0.89508617,pos,0.660347378
331,U0RMHEX53,15/8/2022,['U03S3QBFKED'],polite,0.5478045,neu,0.455646266
331,U0RMHEX53,15/8/2022,['U03S3QBFKED'],impolite,0.33215827,neu,0.455646266
331,U03S3QBFKED,15/8/2022,,polite,0.74659747,neu,0.455646266
331,U03S3QBFKED,15/8/2022,['U0RMHEX53'],impolite,0.32967025,neu,0.455646266
331,U03SESRETRN,15/8/2022,['U0RFXPUFK'],polite,0.74677014,pos,0.953208043
332,U03S3QBFKED,16/8/2022,['U0RFXPUFK'],polite,0.6652596,neu,0.455646266
332,U0RFXPUFK,16/8/2022,['U03S3QBFKED'],polite,0.80628,pos,0.865158074
332,U03RTJ7MJ68,16/8/2022,['U0RFXPUFK'],polite,0.73209,pos,0.935893924
332,U03S3QBFKED,16/8/2022,['U0RFXPUFK'],polite,0.7963877,pos,0.780395595
332,U03S3QBFKED,16/8/2022,,polite,0.90120584,neu,0.455646266
332,U03S3QBFKED,16/8/2022,,polite,0.9631225,pos,0.641937428
332,U03RTJ7MJ68,16/8/2022,,polite,0.8556983,pos,0.604350447
332,U03RTJ7MJ68,16/8/2022,['U0RFXPUFK'],polite,0.7978407,neg,0.215166292
332,U03SESRETRN,16/8/2022,,polite,0.8728127,pos,0.790641609
332,U03RTJ7MJ68,16/8/2022,['U03S3QBFKED'],polite,0.6474829,pos,0.707029752
332,U03RTJ7MJ68,16/8/2022,"['U03S3QBFKED', 'U0RMHEX53']",impolite,0.32138312,neu,0.455646266
332,U03S3QBFKED,16/8/2022,['U03RTJ7MJ68'],polite,0.84332,pos,0.696948112
332,U03S3QBFKED,16/8/2022,,impolite,0.2558856,neu,0.455646266
332,U03RTJ7MJ68,17/8/2022,['U03S3QBFKED'],polite,0.60847956,pos,0.696948112
332,U03S3QBFKED,18/8/2022,['U03SESRETRN'],polite,0.90616035,pos,0.798038464
332,U03SESRETRN,18/8/2022,['U03S3QBFKED'],impolite,0.30684236,neu,0.455646266
332,U03S3QBFKED,18/8/2022,,polite,0.85368097,neu,0.455646266
332,U03S3QBFKED,18/8/2022,['U0RMHEX53'],impolite,0.45763016,neu,0.455646266
332,U0RMHEX53,18/8/2022,['U03S3QBFKED'],polite,0.50469184,neg,0.214344419
332,U03S3QBFKED,18/8/2022,,polite,0.9112601,pos,0.880773656
332,U03S3QBFKED,18/8/2022,,polite,0.8020018,neu,0.455646266
332,U03S3QBFKED,18/8/2022,,polite,0.85368097,neu,0.455646266
332,U03RTJ7MJ68,18/8/2022,['U03S3QBFKED'],impolite,0.17663161,neu,0.455646266
332,U0RMHEX53,18/8/2022,['U03S3QBFKED'],impolite,0.4090955,pos,0.696948112
332,U03S3QBFKED,19/8/2022,['U03RTJ7MJ68'],polite,0.7225757,pos,0.525505452
332,U03S3QBFKED,19/8/2022,"['U0RMHEX53', 'U0RFXPUFK']",polite,0.8523503,neg,0.224700016
332,U03SESRETRN,19/8/2022,['U03S3QBFKED'],impolite,0.2751622,neg,0.251602652
332,U03RTJ7MJ68,19/8/2022,['U03S3QBFKED'],polite,0.70046645,pos,0.722535751
332,U03S3QBFKED,19/8/2022,"['U03RTJ7MJ68', 'U03SESRETRN']",polite,0.6903148,pos,0.641937428
332,U03S3QBFKED,19/8/2022,"['U03RTJ7MJ68', 'U03SESRETRN']",impolite,0.055431973,neu,0.455646266
332,U03S3QBFKED,19/8/2022,"['U0RMHEX53', 'U0RFXPUFK']",polite,0.75073475,pos,0.735411758
332,U03S3QBFKED,19/8/2022,,polite,0.8544186,pos,0.998465837
332,U0RFXPUFK,20/8/2022,,polite,0.79234225,pos,0.725549285
332,U0RFXPUFK,20/8/2022,['U03S3QBFKED'],polite,0.8454129,pos,0.65355323
332,U03RTJ7MJ68,20/8/2022,['U03S3QBFKED'],polite,0.821742,pos,0.74269903
332,U0RMHEX53,20/8/2022,['U03S3QBFKED'],polite,0.9315122,pos,0.949975344
332,U0RMHEX53,20/8/2022,"['U03RTJ7MJ68', 'U03S3QBFKED', 'U03SESRETRN']",polite,0.86256546,pos,0.885485727
332,U0RMHEX53,20/8/2022,['U03S3QBFKED'],polite,0.78443116,neg,0.413347214
332,U03RTJ7MJ68,20/8/2022,['U03S3QBFKED'],impolite,0.33419523,pos,0.65355323
332,U0RMHEX53,20/8/2022,['U03S3QBFKED'],polite,0.83580804,neu,0.455646266
332,U03S3QBFKED,20/8/2022,,polite,0.9487143,pos,0.696948112
332,U0RMHEX53,20/8/2022,"['U03RTJ7MJ68', 'U03S3QBFKED', 'U03SESRETRN']",polite,0.81074166,pos,0.706372254
332,U03S3QBFKED,21/8/2022,"['U03RTJ7MJ68', 'U03SESRETRN', 'U0RFXPUFK']",polite,0.8640601,pos,0.61782916
332,U0RFXPUFK,21/8/2022,['U03S3QBFKED'],polite,0.90155077,pos,0.768998959
332,U03SESRETRN,21/8/2022,['U03S3QBFKED'],impolite,0.22290379,pos,0.885485727
332,U03SESRETRN,21/8/2022,['U03S3QBFKED'],impolite,0.29561412,neu,0.455646266
332,U03SESRETRN,21/8/2022,['U03S3QBFKED'],impolite,0.3076373,neu,0.455646266
332,U0RFXPUFK,21/8/2022,['U03S3QBFKED'],impolite,0.14833574,neu,0.455646266
332,U0RFXPUFK,21/8/2022,['U03S3QBFKED'],impolite,0.41898885,neu,0.455646266
332,U0RFXPUFK,21/8/2022,['U03S3QBFKED'],polite,0.87692964,pos,0.726261575
332,U0RFXPUFK,21/8/2022,['U03S3QBFKED'],polite,0.9262855,pos,0.804613446
332,U0RFXPUFK,21/8/2022,['U03S3QBFKED'],polite,0.7110392,pos,0.629992877
332,U0RFXPUFK,21/8/2022,,polite,0.9140967,pos,0.926524574
332,U0RFXPUFK,21/8/2022,,polite,0.8925897,pos,0.888828009
332,U03SESRETRN,21/8/2022,"['U03RTJ7MJ68', 'U03S3QBFKED', 'U0RFXPUFK']",polite,0.8416577,neu,0.455646266
332,U0RFXPUFK,21/8/2022,,polite,0.71771556,pos,0.833707742
332,U03SESRETRN,21/8/2022,['U0RFXPUFK'],polite,0.8366135,pos,0.885211769
332,U03SESRETRN,21/8/2022,['U0RFXPUFK'],polite,0.62192124,pos,0.822530272
332,U0RFXPUFK,22/8/2022,"['U03SESRETRN', 'U03S3QBFKED']",polite,0.9120124,pos,0.804613446
332,U03RTJ7MJ68,22/8/2022,['U03S3QBFKED'],impolite,0.45819765,neu,0.455646266
332,U03SESRETRN,22/8/2022,['U0RFXPUFK'],impolite,0.14597237,neu,0.455646266
332,U03RTJ7MJ68,22/8/2022,['U03S3QBFKED'],impolite,0.40604135,pos,0.65355323
332,U03S3QBFKED,22/8/2022,,polite,0.7586102,neu,0.455646266
332,U0RFXPUFK,22/8/2022,['U03S3QBFKED'],polite,0.56612134,neu,0.455646266
332,U0RMHEX53,22/8/2022,['U03S3QBFKED'],impolite,0.40002754,neu,0.455646266
332,U0RMHEX53,22/8/2022,['U03S3QBFKED'],polite,0.87950253,pos,0.497945318
332,U0RMHEX53,22/8/2022,['U03S3QBFKED'],impolite,0.35323066,neg,0.399375377
332,U0RMHEX53,22/8/2022,['U03S3QBFKED'],polite,0.5056907,neu,0.455646266
332,U03S3QBFKED,22/8/2022,['U03SESRETRN'],impolite,0.23945725,neu,0.455646266
332,U03S3QBFKED,22/8/2022,,polite,0.9090895,neu,0.455646266
332,U03S3QBFKED,22/8/2022,,polite,0.8989375,pos,0.497945318
332,U03S3QBFKED,22/8/2022,['U0RFXPUFK'],polite,0.9537049,neu,0.455646266
332,U03S3QBFKED,22/8/2022,,impolite,0.27417368,neg,0.197742589
332,U03S3QBFKED,22/8/2022,['U0RFXPUFK'],polite,0.8002615,pos,0.497945318
332,U0RMHEX53,22/8/2022,['U03S3QBFKED'],polite,0.94408345,neu,0.455646266
332,U0RFXPUFK,22/8/2022,['U03S3QBFKED'],polite,0.86665416,pos,1
332,U03S3QBFKED,22/8/2022,,polite,0.9212579,pos,0.669497562
332,U0RFXPUFK,22/8/2022,['U03S3QBFKED'],polite,0.9154779,pos,0.957153033
332,U03S3QBFKED,22/8/2022,,impolite,0.21129407,neu,0.455646266
332,U03S3QBFKED,22/8/2022,['U0RFXPUFK'],polite,0.8995833,pos,0.686866473
332,U03RTJ7MJ68,22/8/2022,['U0RFXPUFK'],polite,0.54562527,pos,0.776669772
332,U03RTJ7MJ68,22/8/2022,['U03S3QBFKED'],impolite,0.094036154,pos,0.605336694
332,U0RFXPUFK,22/8/2022,['U03S3QBFKED'],polite,0.7549218,pos,0.878855953
332,U0RFXPUFK,22/8/2022,['U03S3QBFKED'],polite,0.8709273,pos,0.730864062
332,U0RFXPUFK,22/8/2022,['U03S3QBFKED'],polite,0.7638714,neg,0.285628185
333,U03SESRETRN,23/8/2022,['U0RFXPUFK'],impolite,0.28158236,neg,0.205029861
333,U03SESRETRN,23/8/2022,['U0RFXPUFK'],impolite,0.29488727,neu,0.455646266
333,U03S3QBFKED,23/8/2022,,polite,0.6912778,pos,0.61782916
333,U0RFXPUFK,23/8/2022,['U03SESRETRN'],polite,0.7759097,neg,0.33165306
333,U03S3QBFKED,23/8/2022,['U03SESRETRN'],impolite,0.26345888,neu,0.455646266
333,U03S3QBFKED,23/8/2022,"['U0RMHEX53', 'U0RFXPUFK']",polite,0.63158876,neg,0.273683634
333,U03SESRETRN,23/8/2022,['U0RFXPUFK'],polite,0.8556299,neg,0.13462276
333,U03SESRETRN,23/8/2022,['U03S3QBFKED'],polite,0.80161935,neu,0.455646266
333,U0RFXPUFK,23/8/2022,"['U03S3QBFKED', 'U0RMHEX53']",polite,0.7370348,pos,0.828612131
333,U03SESRETRN,23/8/2022,['U03S3QBFKED'],impolite,0.15806307,neu,0.455646266
333,U03SESRETRN,23/8/2022,['U03S3QBFKED'],impolite,0.30658054,neg,0.098405567
333,U0RFXPUFK,23/8/2022,['U03S3QBFKED'],polite,0.5500275,pos,0.664840283
333,U03S3QBFKED,23/8/2022,['U0RMHEX53'],impolite,0.44734997,neu,0.455646266
333,U0RMHEX53,24/8/2022,['U03S3QBFKED'],impolite,0.3675858,neu,0.455646266
333,U03S3QBFKED,24/8/2022,,impolite,0.34775555,neu,0.455646266
333,U03S3QBFKED,24/8/2022,,impolite,0.40077695,pos,0.579639472
333,U03S3QBFKED,24/8/2022,"['U03SESRETRN', 'U0RFXPUFK']",polite,0.92676544,neu,0.455646266
333,U03RTJ7MJ68,24/8/2022,"['U03S3QBFKED', 'U0RMHEX53']",impolite,0.20169336,neu,0.455646266
333,U0RMHEX53,25/8/2022,['U03S3QBFKED'],polite,0.8829335,pos,0.952824503
333,U03S3QBFKED,25/8/2022,['U03SESRETRN'],polite,0.90625185,pos,0.924387705
333,U03RTJ7MJ68,25/8/2022,['U03S3QBFKED'],polite,0.69327825,neu,0.455646266
333,U03S3QBFKED,25/8/2022,,polite,0.6537596,pos,0.707029752
333,U03RTJ7MJ68,25/8/2022,['U03S3QBFKED'],polite,0.92482096,pos,0.595035888
333,U03SESRETRN,25/8/2022,['U03S3QBFKED'],impolite,0.4983135,pos,0.592625062
333,U03SESRETRN,25/8/2022,['U03S3QBFKED'],impolite,0.4296727,pos,0.822585064
333,U03RTJ7MJ68,25/8/2022,['U03S3QBFKED'],impolite,0.3339443,neu,0.455646266
333,U03SESRETRN,25/8/2022,['U03S3QBFKED'],polite,0.7531635,pos,0.92745603
333,U03SESRETRN,25/8/2022,['U03S3QBFKED'],polite,0.5406854,pos,0.528299819
333,U03S3QBFKED,25/8/2022,,polite,0.66594815,pos,0.897813818
333,U03RTJ7MJ68,25/8/2022,['U03S3QBFKED'],polite,0.8137828,pos,0.942523697
333,U03SESRETRN,25/8/2022,['U03S3QBFKED'],polite,0.8497142,pos,0.754314832
333,U03RTJ7MJ68,25/8/2022,['U03S3QBFKED'],impolite,0.236344,pos,0.820119446
333,U03RTJ7MJ68,25/8/2022,['U03S3QBFKED'],impolite,0.28068465,neu,0.455646266
333,U03SESRETRN,25/8/2022,['U03S3QBFKED'],polite,0.6096352,pos,0.833324201
333,U03RTJ7MJ68,25/8/2022,['U03S3QBFKED'],impolite,0.12839404,pos,0.505013424
333,U03SESRETRN,25/8/2022,,impolite,0.2328323,pos,0.715358063
333,U03SESRETRN,25/8/2022,['U0RMHEX53'],polite,0.9170372,pos,0.851624569
333,U03SESRETRN,25/8/2022,,polite,0.85161424,pos,0.65355323
333,U03S3QBFKED,25/8/2022,['U03SESRETRN'],polite,0.7620926,pos,0.756944825
333,U03RTJ7MJ68,25/8/2022,['U03S3QBFKED'],polite,0.902402,pos,0.900662977
333,U03S3QBFKED,26/8/2022,,impolite,0.3373819,neu,0.455646266
333,U03SESRETRN,26/8/2022,['U03S3QBFKED'],polite,0.5331528,neu,0.455646266
333,U03SESRETRN,26/8/2022,['U03S3QBFKED'],impolite,0.11698598,pos,0.65355323
333,U03SESRETRN,26/8/2022,['U03S3QBFKED'],impolite,0.14429265,neu,0.455646266
333,U03S3QBFKED,26/8/2022,,polite,0.6147364,pos,0.817105912
333,U0RMHEX53,26/8/2022,['U03S3QBFKED'],polite,0.50776845,pos,0.750917758
333,U03RTJ7MJ68,26/8/2022,['U03S3QBFKED'],polite,0.71203923,pos,0.828666922
333,U03S3QBFKED,26/8/2022,['U03RTJ7MJ68'],polite,0.9321853,pos,0.641937428
333,U03SESRETRN,26/8/2022,['U03S3QBFKED'],polite,0.8177877,neg,0.269355104
333,U03S3QBFKED,26/8/2022,['U03SESRETRN'],polite,0.9008697,pos,0.572626157
333,U03S3QBFKED,26/8/2022,,impolite,0.36702302,neu,0.455646266
333,U03S3QBFKED,26/8/2022,,polite,0.5808065,pos,0.547696017
333,U03S3QBFKED,26/8/2022,,impolite,0.17501466,neu,0.455646266
333,U03S3QBFKED,26/8/2022,"['U03SESRETRN', 'U0RFXPUFK']",impolite,0.2372941,neu,0.455646266
333,U03SESRETRN,26/8/2022,['U03S3QBFKED'],impolite,0.051357016,pos,0.761054189
333,U03S3QBFKED,26/8/2022,,polite,0.8222618,neg,0
333,U03RTJ7MJ68,26/8/2022,['U03S3QBFKED'],polite,0.81989187,pos,0.888554052
333,U03RTJ7MJ68,26/8/2022,['U03S3QBFKED'],polite,0.7061803,pos,0.768998959
333,U03RTJ7MJ68,26/8/2022,['U03S3QBFKED'],impolite,0.1261769,pos,0.779792888
333,U03RTJ7MJ68,26/8/2022,['U03S3QBFKED'],polite,0.93942726,pos,0.573119281
333,U03SESRETRN,26/8/2022,['U03S3QBFKED'],polite,0.76074463,pos,0.696948112
333,U0RFXPUFK,28/8/2022,['U03SESRETRN'],impolite,0.1914449,neu,0.455646266
333,U0RFXPUFK,28/8/2022,"['U03SESRETRN', 'U0RMHEX53', 'U03S3QBFKED']",impolite,0.40667263,pos,0.75278067
333,U0RFXPUFK,28/8/2022,['U03S3QBFKED'],polite,0.5839649,pos,0.798038464
333,U03RTJ7MJ68,28/8/2022,['U03S3QBFKED'],polite,0.7919168,neu,0.455646266
333,U03RTJ7MJ68,28/8/2022,['U03S3QBFKED'],impolite,0.37086454,pos,0.633828283
333,U03S3QBFKED,28/8/2022,,polite,0.7452975,neu,0.455646266
333,U0RMHEX53,28/8/2022,"['U03RTJ7MJ68', 'U03S3QBFKED', 'U03SESRETRN', 'U0RFXPUFK']",impolite,0.047160037,neg,0.121801545
333,U03S3QBFKED,29/8/2022,['U03SESRETRN'],polite,0.7085494,neu,0.455646266
333,U0RFXPUFK,29/8/2022,"['U03SESRETRN', 'U03S3QBFKED']",polite,0.8684648,pos,0.892005917
333,U0RFXPUFK,29/8/2022,['U03SESRETRN'],polite,0.7881276,pos,0.916114186
334,U0RFXPUFK,30/8/2022,,polite,0.797101,pos,0.689222508
334,U0RMHEX53,30/8/2022,['U03SESRETRN'],polite,0.85657185,pos,0.95813928
334,U03S3QBFKED,30/8/2022,['U0RMHEX53'],impolite,0.27252823,neu,0.455646266
334,U03S3QBFKED,30/8/2022,['U0RMHEX53'],polite,0.9238677,pos,0.696948112
334,U0RMHEX53,30/8/2022,,polite,0.80024284,neg,0.269355104
334,U0RMHEX53,30/8/2022,,polite,0.807948,pos,0.828666922
334,U0RFXPUFK,30/8/2022,"['U03RTJ7MJ68', 'U03SESRETRN', 'U03S3QBFKED']",polite,0.62098897,pos,0.926305408
334,U0RMHEX53,30/8/2022,,polite,0.5947874,neu,0.455646266
334,U03S3QBFKED,30/8/2022,['U0RFXPUFK'],polite,0.6701086,pos,0.707029752
334,U03S3QBFKED,30/8/2022,"['U03SESRETRN', 'U0RMHEX53', 'U0RFXPUFK']",polite,0.88733333,neu,0.455646266
334,U03S3QBFKED,30/8/2022,['U03SESRETRN'],polite,0.89939225,neu,0.455646266
334,U0RMHEX53,30/8/2022,,impolite,0.41551724,pos,0.791847022
334,U0RMHEX53,30/8/2022,,polite,0.8980412,neu,0.455646266
334,U03S3QBFKED,30/8/2022,"['U03RTJ7MJ68', 'U03SESRETRN']",impolite,0.26750845,pos,0.804120322
334,U0RMHEX53,30/8/2022,['U03S3QBFKED'],polite,0.7054526,pos,0.579639472
334,U0RMHEX53,30/8/2022,['U03S3QBFKED'],impolite,0.40397796,pos,0.811024053
334,U0RFXPUFK,30/8/2022,,polite,0.5631695,neu,0.455646266
334,U03RTJ7MJ68,31/8/2022,['U0RMHEX53'],impolite,0.39853525,neu,0.455646266
334,U0RFXPUFK,31/8/2022,['U03S3QBFKED'],polite,0.8781787,pos,0.817105912
334,U03S3QBFKED,31/8/2022,,polite,0.6063901,pos,0.685715851
334,U03S3QBFKED,31/8/2022,,impolite,0.1316611,neu,0.455646266
334,U03RTJ7MJ68,31/8/2022,['U0RMHEX53'],polite,0.7565342,neu,0.455646266
334,U0RMHEX53,31/8/2022,,polite,0.84950835,neu,0.455646266
334,U0RMHEX53,31/8/2022,['U03RTJ7MJ68'],polite,0.82026124,pos,0.829598378
334,U0RMHEX53,31/8/2022,['U03RTJ7MJ68'],impolite,0.21293707,pos,0.696948112
334,U0RMHEX53,31/8/2022,['U03S3QBFKED'],polite,0.86940354,neu,0.455646266
334,U03RTJ7MJ68,31/8/2022,['U0RMHEX53'],impolite,0.29254827,pos,0.707029752
334,U0RMHEX53,31/8/2022,,polite,0.9165099,pos,0.790641609
334,U0RMHEX53,31/8/2022,"['U03S3QBFKED', 'U0RFXPUFK']",polite,0.8742134,pos,0.61782916
334,U0RMHEX53,31/8/2022,,polite,0.9121794,pos,0.858418717
334,U03S3QBFKED,31/8/2022,['U0RFXPUFK'],polite,0.85076123,pos,0.773930196
334,U03S3QBFKED,31/8/2022,"['U03RTJ7MJ68', 'U03SESRETRN', 'U0RFXPUFK']",impolite,0.4956803,pos,0.573119281
334,U0RFXPUFK,31/8/2022,,polite,0.769778,neu,0.455646266
334,U03S3QBFKED,31/8/2022,['U0RMHEX53'],impolite,0.30707037,neu,0.455646266
334,U0RMHEX53,31/8/2022,,impolite,0.43905807,neu,0.455646266
334,U03S3QBFKED,31/8/2022,,impolite,0.10847861,neu,0.455646266
334,U0RMHEX53,31/8/2022,['U03SESRETRN'],polite,0.87141985,neu,0.455646266
334,U03S3QBFKED,31/8/2022,['U0RFXPUFK'],polite,0.61551255,pos,0.756287327
334,U03S3QBFKED,31/8/2022,['U0RFXPUFK'],impolite,0.49979594,neu,0.455646266
334,U0RFXPUFK,31/8/2022,['U03S3QBFKED'],polite,0.6379743,pos,0.675853378
334,U03RTJ7MJ68,31/8/2022,['U0RFXPUFK'],polite,0.88686824,pos,0.913703359
334,U0RMHEX53,31/8/2022,['U03SESRETRN'],polite,0.80308056,pos,0.675853378
334,U03S3QBFKED,31/8/2022,"['U03RTJ7MJ68', 'U03SESRETRN']",impolite,0.28247777,neu,0.455646266
334,U03S3QBFKED,31/8/2022,['U0RFXPUFK'],polite,0.73991776,neu,0.455646266
334,U03RTJ7MJ68,31/8/2022,['U03S3QBFKED'],impolite,0.3966219,pos,0.823023396
334,U0RFXPUFK,31/8/2022,,polite,0.8847353,pos,0.962960934
334,U0RFXPUFK,31/8/2022,['U03S3QBFKED'],impolite,0.3801739,pos,0.76905375
334,U03S3QBFKED,31/8/2022,"['U0RMHEX53', 'U0RFXPUFK']",impolite,0.20734227,pos,0.791189524
334,U03S3QBFKED,31/8/2022,,polite,0.865721,neg,0.117801764
334,U03S3QBFKED,31/8/2022,,impolite,0.47940385,neu,0.455646266
334,U03S3QBFKED,31/8/2022,['U0RFXPUFK'],polite,0.64259535,neu,0.455646266
334,U03S3QBFKED,31/8/2022,,polite,0.76800686,pos,0.86143225
334,U03S3QBFKED,31/8/2022,['U0RFXPUFK'],polite,0.92548436,pos,0.605336694
334,U0RMHEX53,31/8/2022,,impolite,0.47202677,neu,0.455646266
334,U0RFXPUFK,31/8/2022,['U03S3QBFKED'],polite,0.8178922,pos,0.65355323
334,U0RFXPUFK,31/8/2022,['U03S3QBFKED'],polite,0.6782719,neu,0.455646266
334,U0RMHEX53,31/8/2022,,polite,0.7517295,neg,0.413347214
334,U0RMHEX53,31/8/2022,['U03S3QBFKED'],polite,0.800781,pos,0.802421785
334,U03RTJ7MJ68,31/8/2022,['U0RMHEX53'],impolite,0.36602098,neu,0.455646266
334,U03S3QBFKED,31/8/2022,"['U03RTJ7MJ68', 'U0RMHEX53']",polite,0.55981505,pos,0.768998959
334,U03RTJ7MJ68,31/8/2022,['U0RMHEX53'],polite,0.520422,neu,0.455646266
334,U03S3QBFKED,31/8/2022,,impolite,0.34534335,neu,0.455646266
334,U03S3QBFKED,31/8/2022,,polite,0.66642123,neu,0.455646266
334,U03S3QBFKED,31/8/2022,['U0RFXPUFK'],polite,0.6090336,neu,0.455646266
334,U0RMHEX53,1/9/2022,,polite,0.8477086,pos,0.938195167
334,U03RTJ7MJ68,1/9/2022,['U0RMHEX53'],polite,0.6138709,neg,0.127225905
334,U03RTJ7MJ68,1/9/2022,['U0RMHEX53'],impolite,0.10273405,neu,0.458495425
334,U03RTJ7MJ68,1/9/2022,['U0RFXPUFK'],polite,0.72377694,pos,0.928223111
334,U0RFXPUFK,1/9/2022,['U03S3QBFKED'],polite,0.89606583,pos,0.839351268
334,U0RMHEX53,2/9/2022,"['U03RTJ7MJ68', 'U0RFXPUFK']",polite,0.52951753,neu,0.455646266
334,U0RFXPUFK,2/9/2022,['U0RMHEX53'],polite,0.5918878,neu,0.455646266
334,U03SESRETRN,5/9/2022,['U0RFXPUFK'],polite,0.8169046,pos,0.696948112
334,U03RTJ7MJ68,5/9/2022,['U0RMHEX53'],polite,0.6209982,neu,0.455646266
334,U0RMHEX53,5/9/2022,,polite,0.88035345,pos,0.675086297
334,U03SESRETRN,5/9/2022,['U0RMHEX53'],polite,0.8120255,neu,0.455646266
334,U03SESRETRN,5/9/2022,['U0RFXPUFK'],polite,0.5728908,neu,0.455646266
335,U03SESRETRN,6/9/2022,['U0RFXPUFK'],polite,0.58077306,neu,0.455646266